	doc_002
	doc_005
	doc_006
	doc_009
	doc_011
	doc_012
	doc_013
	doc_014
	doc_015
	doc_017
	doc_018
	doc_020
	doc_021
	doc_022
	doc_023
	doc_027
	doc_029
	doc_031
	doc_032
	doc_033
	doc_034
	doc_035
	doc_038
	doc_039
	doc_043
	doc_046
	doc_047
	doc_048
	doc_049
	doc_050
	doc_051
	doc_054
	doc_055
	doc_056
	doc_057
	doc_058
	doc_060
	doc_066
	doc_068
	doc_069
	doc_070
	doc_071
	doc_072
	doc_073
	doc_078
	doc_086
	doc_087
	doc_088
	doc_091
	doc_092
	doc_098
	doc_100
	doc_101
	doc_102
	doc_103
	doc_104
	doc_105
	doc_106
	doc_108
	doc_109
	doc_113
	doc_116
	doc_117
	doc_118
	doc_119
	doc_120
	doc_121
	doc_123
	doc_128
	doc_129
	doc_133
	doc_134
	doc_139
	doc_141
	doc_142
	doc_146
	doc_148
	doc_153
	doc_156
	doc_161
	doc_168
	doc_171
	doc_172
	doc_173
	doc_176
	doc_177
	doc_178
	doc_179
	doc_182
	doc_183
	doc_184
	doc_185
	doc_187
	doc_189
	doc_191
	doc_192
	doc_193
	doc_195
	doc_200
	doc_202
	doc_204
	doc_205
